funny snl,snl hello adele,https://www.youtube.com/watch?v=e2zyjbH9zzA,d,3
funny badman,scarecrow,https://www.youtube.com/watch?v=on4aD02llas,d,5
musical,heheheyayeyeya,https://www.youtube.com/watch?v=ZZ5LpwO-An4,d,100
cam walk,gb cov soho,https://www.youtube.com/watch?v=gWVcnU1ZE14&start=1&end=91,n,1
cam walk,gb cov soho,https://www.youtube.com/watch?v=gWVcnU1ZE14&start=601&end=691,n,1
funny between two ferns,benedict cumberbatch,https://www.youtube.com/watch?v=9yd6rZdRpm4,n,3
cam walk,gb cov soho,https://www.youtube.com/watch?v=gWVcnU1ZE14&start=1201&end=1291,n,1
closer look,corrections paul,https://www.youtube.com/watch?v=gPN9r94kHxE&start=910&end=986,d,3
funny between two ferns,brad pitt,https://www.youtube.com/watch?v=wnF-zTrHvGs,n,3
sports,tennis rally,https://www.youtube.com/watch?v=rLDm254jtZA&start=14&end=112,n,2
funny between two ferns,bradley cooper,https://www.youtube.com/watch?v=SVHAd3jwZy0,n,3
sports,tennis rally,https://www.youtube.com/watch?v=Dj7-O4JOeJQ&end=63,n,2
sports,tennis rally,https://www.youtube.com/watch?v=lyEMoBjQ2rw&end=77,d,2
funny snl,devil songwriter,https://www.youtube.com/watch?v=pbyHseP4NLo,d,3
wholesome,john oliver cookie monster,https://www.youtube.com/watch?v=InSJBzZr414,d,3
funny autotune,geese,https://www.youtube.com/watch?v=bDOYN-6gdRE,d,3
funny snl,wayne thanksgiving,https://www.youtube.com/watch?v=fK0OkpQ4vEU,d,3
musical,nice guys,https://www.youtube.com/watch?v=xfeys7Jfnx8,d,100
musical,obama jibjab,https://www.youtube.com/watch?v=kVFdAJRVm94,d,10
wholesome,john oliver cookie monster,https://www.youtube.com/watch?v=H916EVndP_A&end=193,d,3
nice,knife skills,https://www.youtube.com/watch?v=G-Fg7l7G1zw&start=306&end=362,n,1
closer look,trump head brick,https://www.youtube.com/watch?v=PZYH5XENcwg&start=550&end=579,d,3
funny badman,wrong joker,https://www.youtube.com/watch?v=8ssNkRZMzyg,d,5
funny between two ferns,paul rudd,https://www.youtube.com/watch?v=8OvReJRAqmk,n,10
funny badman,harvey dent,https://www.youtube.com/watch?v=xzmgGu46f4U,d,5
funny snl auditions,back to the future,https://www.youtube.com/watch?v=azwKHqEkXEY,d,3
sports,tennis rally,https://www.youtube.com/watch?v=UsEarBK6ojY&end=96,d,2
funny between two ferns,steve carell,https://www.youtube.com/watch?v=1c-3FQap7iw,n,3
funny snl,david pumpkins,https://www.youtube.com/watch?v=rS00xWnqwvI,d,3
wholesome,john oliver cookie monster,https://www.youtube.com/watch?v=iLi2xB82ZyI&start=138&end=300,d,3
musical,stand by me acapella,https://www.youtube.com/watch?v=BQ3VtEDdM5k,d,5
funny badman,cover gone,https://www.youtube.com/watch?v=RZ6zFCLRtiE,d,5
sports,tennis rally,https://www.youtube.com/watch?v=G1sr-g33gJY&end=60,n,2
funny snl,kavanaugh cold open,https://www.youtube.com/watch?v=VRJecfRxbr8&start=80&end=774,d,5
funny autotune,obama shawties,https://www.youtube.com/watch?v=ej_H8wYo2s4,d,100
cam walk,gb cov soho,https://www.youtube.com/watch?v=gWVcnU1ZE14&start=2401&end=2491,n,1
nice,knife skills,https://www.youtube.com/watch?v=G-Fg7l7G1zw&start=100&end=200,n,1
cam nature,shark fin gopro,https://www.youtube.com/watch?v=auUxD3Qe3FU&start=55&end=95,n,2
wholesome,john oliver cookie monster,https://www.youtube.com/watch?v=iLi2xB82ZyI&end=138,d,3
funny badman,riddler,https://www.youtube.com/watch?v=tvJhH3bA-lY,d,5
cam walk,gb cov soho,https://www.youtube.com/watch?v=gWVcnU1ZE14&start=2101&end=2191,n,1
movie,mission impossible plane,https://www.youtube.com/watch?v=CI2u1Pf7b6c&start=16&end=290,d,3
musical,naruto theme,https://www.youtube.com/watch?v=q1aq9GEHR8Q,d,100
nice,knife skills,https://www.youtube.com/watch?v=G-Fg7l7G1zw&end=100,n,1
funny,don't stop me now mime,https://www.youtube.com/watch?v=bkzsoJf-UsA,d,5
sports,tennis rally,https://www.youtube.com/watch?v=DjRauuklHbU&end73,d,2
nice,knife skills,https://www.youtube.com/watch?v=G-Fg7l7G1zw&start=206&end=246,n,1
funny between two ferns,letterman,https://www.youtube.com/watch?v=LVDIIQAPmTw,n,3
cam walk,gb cov soho,https://www.youtube.com/watch?v=gWVcnU1ZE14&start=1801&end=1891,n,1
funny,joker interrogation spoof,https://www.youtube.com/watch?v=w2yv8aT0UFc,d,10
funny snl auditions,twelve years a slave,https://www.youtube.com/watch?v=yyUNOtRTVuc,d,3
funny snl,beyonce hot ones,https://www.youtube.com/watch?v=uJYc3m89nwk,d,3
closer look,trump head coconut,https://www.youtube.com/watch?v=ngKRYNpsPxk&start=131&end=233,d,3
wholesome,john oliver cookie monster,https://www.youtube.com/watch?v=H916EVndP_A&start=193,d,3
funny snl auditions,star wars,https://www.youtube.com/watch?v=-T_pjMr7-n0,d,3
funny autotune,songify iii,https://www.youtube.com/watch?v=ooPzr1vzmGY,d,100
nice,stopmotion random,https://www.youtube.com/watch?v=JgM3DB9anks&end=49,n,1
theme,thundercats,https://www.youtube.com/watch?v=HcGNqrAtsgg,d,100
funny autotune,obama kickass,https://www.youtube.com/watch?v=yghFBt-fXmw,d,5
funny badman,bane,https://www.youtube.com/watch?v=FCFMpf58sQs,d,5
musical,erb of manliness,https://www.youtube.com/watch?v=_EzDRpkfaO4,d,3
funny badman,twoface,https://www.youtube.com/watch?v=17bWJcdWHxI,d,5
sports,rally cam,https://www.youtube.com/watch?v=NAXPQvTgG1U,d,3
musical,shovel guitar,https://www.youtube.com/watch?v=V9-ltPsbw9g,d,5
funny between two ferns,matthew mc,https://www.youtube.com/watch?v=XHk6jKWRi8A,n,3
funny snl,climate actor,https://www.youtube.com/watch?v=JR9FALnLFQ8,d,3
cam walk,gb cov soho,https://www.youtube.com/watch?v=gWVcnU1ZE14&start=1501&end=1591,n,1
musical,john oliver bob murray,https://www.youtube.com/watch?v=c5W06xR8EYk,d,3
musical,shovel guitar,https://www.youtube.com/watch?v=jhphpt5AhQ0,d,5
musical,shovel guitar,https://www.youtube.com/watch?v=cmMtkWOzCF4,d,5
funny snl,eminem lil wayne,https://www.youtube.com/watch?v=OyxZS_aWXqg,d,3
funny,pistolshrimps batman,https://www.youtube.com/watch?v=j2ghVpNCVe4,d,10
sports,tennis rally,https://www.youtube.com/watch?v=PngXQuhDMWc&end=47,d,3
funny between two ferns,jennifer lawrence,https://www.youtube.com/watch?v=Hhj9B2hymBw,n,3
funny between two ferns,obama,https://www.youtube.com/watch?v=UnW3xkHxIEQ,n,5
cam walk,gb cov soho,https://www.youtube.com/watch?v=gWVcnU1ZE14&start=301&end=391,n,1
sports,tennis rally,https://www.youtube.com/watch?v=IqK86B0Lagc&start=4&end=47,n,2
movie,supergirl tv spot,https://www.youtube.com/watch?v=VoqjnU_wGJM,d,2
funny,batman shopping,https://www.youtube.com/watch?v=58qgdpsFaBE,d,10
funny snl auditions,top gun,https://www.youtube.com/watch?v=74b6Whj5zNc,d,3
funny badman,batman voice,https://www.youtube.com/watch?v=BJXDJpl6bGY,d,5